"Current_Case_Number","case_filed_date","Case_WCL_Type_Desc","county_desc","Party_Name_First","Party_Name_Middle","party_name_last","party_city","party_state","Current_DOB_of_Party","charge_count_number","Enforcement_Agency_Desc","Charge_Statute","charge_desc","Degree_Type_Desc","Criminal_Disposition_Date","sentence_date","sentence_type_desc","Sentence_Confinement_Code"
"66CR14540","3/11/2014","Other Gross Misdemeanor","Rice County","SHARON","JEAN","SCHUMANN","Morristown","MN","9/27/1972","1","Rice County Sheriff's Office","609.2325.1(b)","Crim Abuse-Sexual-Caregiver/Staff-Vulnerable Adult-Sexual Contact/Penetration","Gross Misdemeanor","7/13/2015","5/18/2018","Sentenced","Gross Misdemeanor"
"66CR14540","3/11/2014","Other Gross Misdemeanor","Rice County","SHARON","JEAN","SCHUMANN","Morristown","MN","9/27/1972","1","Rice County Sheriff's Office","609.2325.1(b)","Crim Abuse-Sexual-Caregiver/Staff-Vulnerable Adult-Sexual Contact/Penetration","Gross Misdemeanor","7/13/2015","5/18/2018","Sentenced","Gross Misdemeanor"
"66CR151492","6/16/2015","Sex Crimes","Rice County","KRISTI","JAYNE","LESTER","Waseca","MN","5/30/1984","2","Faribault Police Department","609.2325.1(b)","Crim Abuse-Sexual-Caregiver/Staff-Vulnerable Adult-Sexual Contact/Penetration","Gross Misdemeanor","11/20/2015","3/9/2018","Sentenced","Gross Misdemeanor"
"73CR156797","7/31/2015","Other Gross Misdemeanor","Stearns County","BARRY","CHARLES","LARSON","St Cloud","MN","12/9/1975","1","St. Cloud Police Department","609.2325.1(b)","Crim Abuse-Sexual-Caregiver/Staff-Vulnerable Adult-Sexual Contact/Penetration","Gross Misdemeanor","8/9/2016","1/20/2017","Sentenced","Gross Misdemeanor"
"60CR16338","3/1/2016","Other Gross Misdemeanor","Polk County","BRUCE","LEE","BIDDLECOME","West St Paul","MN","10/19/1974","1","East Grand Forks Police Department","609.2325.1(b)","Crim Abuse-Sexual-Caregiver/Staff-Vulnerable Adult-Sexual Contact/Penetration","Gross Misdemeanor","8/11/2016","7/2/2018","Sentenced","Gross Misdemeanor"
"50CR1463","1/8/2014","Sex Crimes","Mower County","Roger","Michael","Paulus","Elma","IA","5/15/1954","2","Mower County Sheriff's Office","609.2325.1(b)","Criminal Abuse of Vulnerable Adult-Sexual Contact/Penetration-Gross Misdemeanor","Gross Misdemeanor","3/9/2015","3/9/2015","Sentenced","Gross Misdemeanor"
"47CR15936","10/9/2015","Sex Crimes","Meeker County","Callie","Marie","Squires","Paynesville","MN","2/2/1986","2","Meeker County Sheriff's Office","609.2325.1(b)","Criminal Abuse of a Vulnerable Adult, a Gross Misdemeanor","Gross Misdemeanor","2/23/2017","2/23/2017","Sentenced","Gross Misdemeanor"
"47CR15936","10/9/2015","Sex Crimes","Meeker County","Callie","Marie","Squires","Paynesville","MN","2/2/1986","2","Meeker County Sheriff's Office","609.2325.1(b)","Criminal Abuse of a Vulnerable Adult, a Gross Misdemeanor","Gross Misdemeanor","2/23/2017","2/23/2017","Sentenced","Gross Misdemeanor"
"09CR171499","7/21/2017","Sex Crimes","Carlton County","Devon","Scott","Egge","Wright","MN","2/13/1994","2","Moose Lake Police Department","609.2325.1(b)","Crim Abuse-Sexual-Caregiver/Staff-Vulnerable Adult-Sexual Contact/Penetration","Gross Misdemeanor","3/14/2018","3/14/2018","Sentenced","Gross Misdemeanor"
"27CR1732399","12/26/2017","Sex Crimes","Hennepin County","DAVID","EARL","JOHNSTON","Brooklyn Center","MN","3/2/1990","3","Brooklyn Center Police Department","609.3451.1","Criminal Sex Cond-5th Degree-Nonconsensual Sexual Contact","Gross Misdemeanor","6/18/2018","9/19/2018","Sentenced","Gross Misdemeanor"
"27CR1732399","12/26/2017","Sex Crimes","Hennepin County","DAVID","EARL","JOHNSTON","Brooklyn Center","MN","3/2/1990","3","Brooklyn Center Police Department","609.3451.1","Criminal Sex Cond-5th Degree-Nonconsensual Sexual Contact","Gross Misdemeanor","6/18/2018","9/19/2018","Sentenced","Gross Misdemeanor"
"07CR144506","12/5/2014","Sex Crimes","Blue Earth County","Javier","Manuel","Gonzalez","Mankato","MN","4/29/1994","2","Mankato Police Department","609.3451.1","Criminal Sex Cond-5th Degree-Nonconsensual Sexual Contact","Gross Misdemeanor","9/15/2015","6/7/2017","Sentenced","Gross Misdemeanor"
"07CR144506","12/5/2014","Sex Crimes","Blue Earth County","Javier","Manuel","Gonzalez","Mankato","MN","4/29/1994","2","Mankato Police Department","609.3451.1","Criminal Sex Cond-5th Degree-Nonconsensual Sexual Contact","Gross Misdemeanor","9/15/2015","6/7/2017","Sentenced","Gross Misdemeanor"
"20CR16390","6/6/2016","Other Gross Misdemeanor","Dodge County","ETHAN","JOE","RAMER","Dodge Center","MN","6/1/1993","1","Dodge County Sheriff's Office","609.3451.1","Criminal Sex Cond-5th Degree-Nonconsensual Sexual Contact","Gross Misdemeanor","10/26/2016","10/26/2016","Stay of Imposition Pursuant to M.S. 609.135","Gross Misdemeanor"
"13CR15163","2/27/2015","Sex Crimes","Chisago County","JOHN","HENRY","KAUCK","CHISAGO CITY","MN","12/10/1951","2","Lakes Area PD","609.3451.1","Criminal Sex Cond-5th Degree-Nonconsensual Sexual Contact","Gross Misdemeanor","12/30/2016","12/30/2016","Sentenced","Gross Misdemeanor"
"55CR16277","1/11/2016","Other Gross Misdemeanor","Olmsted County","RICHARD","GARY","GILLEN","Osage","IA","6/10/1963","1","Chatfield Police Department","609.3451.1","Criminal Sex Cond-5th Degree-Nonconsensual Sexual Contact","Gross Misdemeanor","3/2/2016","3/2/2016","Sentenced","Gross Misdemeanor"
"02CR154338","7/10/2015","Other Gross Misdemeanor","Anoka County","MOHAMAD","HUSSIEN","HASSAN","Rochester","MN","4/6/1988","1","Anoka Police Department","609.3451.1","Criminal Sex Cond-5th Degree-Nonconsensual Sexual Contact","Gross Misdemeanor","12/27/2016","12/27/2016","Sentenced","Gross Misdemeanor"
"72CR14108","4/28/2014","Sex Crimes","Sibley County","DAVID","IVAN","PRAHL","ARLINGTON","MN","10/27/1962","3","Sibley County Sheriff's Office","609.3451.1","Criminal Sex Cond-5th Degree-Nonconsensual Sexual Contact","Gross Misdemeanor","9/1/2016","9/1/2016","Sentenced","Gross Misdemeanor"
"72CR14108","4/28/2014","Sex Crimes","Sibley County","DAVID","IVAN","PRAHL","ARLINGTON","MN","10/27/1962","1","Sibley County Sheriff's Office","609.3451.1","Criminal Sex Cond-5th Degree-Nonconsensual Sexual Contact","Gross Misdemeanor","9/1/2016","2/16/2017","Sentenced","Gross Misdemeanor"
"72CR16103","4/25/2016","Sex Crimes","Sibley County","SHEM","EUGENE","GOETTE","Green Isle","MN","1/17/1977","1","Sibley County Sheriff's Office","609.3451.1","Criminal Sex Cond-5th Degree-Nonconsensual Sexual Contact","Gross Misdemeanor","1/5/2017","2/16/2017","Sentenced","Gross Misdemeanor"
"55CR161300","2/23/2016","Other Gross Misdemeanor","Olmsted County","REYNALDO","LEE","CAMACHO","Moose Lake","MN","12/7/1984","1","Rochester Police Department","609.3451.1","Fifth Degree Criminal Sexual ConductNonconsensual Sexual Contact","Gross Misdemeanor","3/15/2016","3/15/2016","Stay of Imposition Pursuant to M.S. 609.135","Misdemeanor"
"62CR181592","3/6/2018","Other Gross Misdemeanor","Ramsey County","Trevelle","Rayshawn","Nitsche","Brooklyn Park","MN","8/5/1997","1","Ramsey County Sheriff's Office","609.3451.1","Criminal Sex Cond-5th Degree-Nonconsensual Sexual Contact","Gross Misdemeanor","6/18/2018","8/29/2018","Sentenced","Gross Misdemeanor"
"64CR1623","1/12/2016","Other Gross Misdemeanor","Redwood County","Jason","James","Ourada","Vesta","MN","7/1/1982","1","Redwood County Sheriff's Office","609.3451.1","Criminal Sexual Conduct in the Fifth Degree","Gross Misdemeanor","3/25/2016","11/16/2017","Sentenced","Gross Misdemeanor"
"69HICR14623","8/21/2014","Sex Crimes","St. Louis County","KEVIN","RAY","DEGRUGILLIER","Chisholm","MN","10/4/1978","2","Hibbing Police Department","609.3451.1","Criminal Sex Cond-5th Degree-Nonconsensual Sexual Contact","Gross Misdemeanor","2/18/2016","3/20/2018","Sentenced","Gross Misdemeanor"
"69VICR14566","4/29/2014","Sex Crimes","St. Louis County","BRANDON","MICHAEL","CLEMMER","HIBBING","MN","12/28/1992","2","Babbitt Police Department","609.3451.1","Criminal Sex Cond-5th Degree-Nonconsensual Sexual Contact","Gross Misdemeanor","11/3/2014","7/2/2018","Sentenced","Gross Misdemeanor"
"04CR132933","9/11/2013","Sex Crimes","Beltrami County","BOBBY","ALLEN","JOHNSON","HIBBING","MN","11/26/1975","1","Beltrami County Sheriff's Office","609.3451.1","Criminal Sex Cond-5th Degree-Nonconsensual Sexual Contact","Gross Misdemeanor","8/18/2014","1/12/2015","Sentenced","Gross Misdemeanor"
"09CR161584","8/17/2016","Other Gross Misdemeanor","Carlton County","JACOB","DUANE","MOSKE","Mora","MN","9/21/1983","2","Moose Lake Police Department","609.3451.1","Criminal Sex Cond-5th Degree-Nonconsensual Sexual Contact","Gross Misdemeanor","7/20/2017","2/2/2018","Sentenced","Gross Misdemeanor"
"14CR173823","10/24/2017","Other Gross Misdemeanor","Clay County","EARL","MASON","DODDS","Ulen","MN","4/11/1976","1","Dilworth Police Department","609.3451.1","Criminal Sex Cond-5th Degree-Nonconsensual Sexual Contact","Gross Misdemeanor","6/13/2018","6/13/2018","Sentenced","Gross Misdemeanor"
"09CR17136","1/19/2017","Sex Crimes","Carlton County","TODD","WARREN","JUHL","St. Paul","MN","8/31/1961","7","Carlton County Sheriff's Office","609.3451.1","Criminal Sex Cond-5th Degree-Nonconsensual Sexual Contact","Gross Misdemeanor","5/23/2018","8/1/2018","No sentence pronounced",""
"18CR143453","8/27/2014","Sex Crimes","Crow Wing County","VINSON","BERT","STAMM","BAXTER","MN","9/22/1985","2","Baxter Police Department","609.3451.1","Criminal Sex Cond-5th Degree-Nonconsensual Sexual Contact","Gross Misdemeanor","9/17/2015","9/17/2015","Sentenced","Gross Misdemeanor"
"69DUCR152808","8/11/2015","Other Gross Misdemeanor","St. Louis County","KAREN","SUE","BUTCHER","DULUTH","MN","6/30/1972","1","Duluth Police Department","609.3451.1","Criminal Sex Cond-5th Degree-Nonconsensual Sexual Contact","Gross Misdemeanor","6/27/2016","6/27/2016","Sentenced","Gross Misdemeanor"
"86CR17361","1/26/2017","Sex Crimes","Wright County","BRIAN","BEN","NEU","CLEARWATER","MN","6/19/1969","2","Wright County Sheriff's Office","609.3451.1","Criminal Sex Cond-5th Degree-Nonconsensual Sexual Contact","Gross Misdemeanor","1/24/2018","5/7/2018","Sentenced","Gross Misdemeanor"
"31CR11744","3/25/2011","Sex Crimes","Itasca County","GLEN","ALLEN","WRIGHT","LOMAN","MN","12/11/1959","1","Itasca County Sheriff's Office","609.3451.1","Criminal Sex Cond-5th Degree-Nonconsensual Sexual Contact","Gross Misdemeanor","3/12/2012","10/13/2015","Sentenced","Gross Misdemeanor"
"24CR131057","6/19/2013","Sex Crimes","Freeborn County","JOSHUA","ANDREW","BRYAND","ALDEN","MN","3/5/1979","1","Albert Lea Police Department","609.3451.1","Criminal Sex Cond-5th Degree-Nonconsensual Sexual Contact","Gross Misdemeanor","5/21/2015","6/2/2016","Sentenced","Gross Misdemeanor"
"31CR132292","8/16/2013","Sex Crimes","Itasca County","JACK","LEIGHTON","HAMRE","Thief River Falls","MN","2/13/1990","1","Grand Rapids Police Department","609.3451.1","Criminal Sex Cond-5th Degree-Nonconsensual Sexual Contact","Gross Misdemeanor","3/24/2014","10/26/2015","Sentenced","Gross Misdemeanor"
"11CR151629","9/15/2015","Sex Crimes","Cass County","Ronald","Eugene","Brown","SHAFER","MN","9/30/1967","10","Leech Lake Tribal Police Department","609.3451.1","Criminal Sex Cond-5th Degree-Nonconsensual Sexual Contact","Gross Misdemeanor","9/6/2016","1/9/2017","Sentenced","Gross Misdemeanor"
"29CR131070","10/28/2013","Sex Crimes","Hubbard County","RICHARD","LOUIS JR.","RUTHERFORD","Park Rapids","MN","4/15/1966","2","Park Rapids Police Department","609.3451.1","Criminal Sex Cond-5th Degree-Nonconsensual Sexual Contact","Gross Misdemeanor","9/22/2014","9/20/2016","Sentenced","Gross Misdemeanor"
"66CR142813","11/26/2014","Sex Crimes","Rice County","Juan","Isidro","Delgado Ordonez","Faribault","MN","12/30/1966","1","Faribault Police Department","609.3451.1","Criminal Sex Cond-5th Degree-Nonconsensual Sexual Contact","Gross Misdemeanor","2/23/2015","5/6/2015","Sentenced","Gross Misdemeanor"
"19HACR124095","11/29/2012","Other Gross Misdemeanor","Dakota County","THOMAS","RICHARD","MCCAFFREY","BURNSVILLE","MN","1/21/1962","1","Eagan Police Department","609.3451.1","Criminal Sex Cond-5th Degree-Nonconsensual Sexual Contact","Gross Misdemeanor","7/9/2013","7/15/2015","Stay of Imposition Pursuant to M.S. 609.135","Gross Misdemeanor"
"01CR161178","4/11/2016","Sex Crimes","Aitkin County","DUSTY","ALLEN","YOUNG","Aitkin","MN","5/20/1997","2","Aitkin County Sheriff's Office","609.3451.1","Criminal Sex Cond-5th Degree-Nonconsensual Sexual Contact","Gross Misdemeanor","4/11/2016","4/11/2016","Sentenced","Gross Misdemeanor"
"69VICR14724","5/30/2014","Sex Crimes","St. Louis County","FREDERICK","DUNCAN","MCDOUGALL","Iron","MN","4/27/1995","3","St. Louis County Sheriff's Office - Duluth","609.3451.1","Criminal Sex Cond-5th Degree-Nonconsensual Sexual Contact","Gross Misdemeanor","1/21/2015","1/18/2018","Sentenced","Gross Misdemeanor"
"18CR1676","1/5/2016","Sex Crimes","Crow Wing County","SHANE","ADAM","SIMONS","Brainerd","MN","2/17/1986","3","Crow Wing County Sheriff's Office","609.3451.1","Criminal Sex Cond-5th Degree-Nonconsensual Sexual Contact","Gross Misdemeanor","5/25/2017","10/30/2017","Sentenced","Gross Misdemeanor"
"62CR175955","8/9/2017","Other Gross Misdemeanor","Ramsey County","JOSHUA","JEREMY","WHITE","St Paul","MN","8/24/1993","1","St. Paul Police Department","609.3451.1","Criminal Sex Cond-5th Degree-Nonconsensual Sexual Contact","Gross Misdemeanor","2/8/2018","2/8/2018","Stay of Imposition Pursuant to M.S. 609.135","Gross Misdemeanor"
"70CR176021","3/30/2017","Other Gross Misdemeanor","Scott County","STEVEN","JOHN","JOHNSON","New Prague","MN","4/7/1949","1","Scott County Sheriff's Office","609.3451.1","Criminal Sex Cond-5th Degree-Nonconsensual Sexual Contact","Gross Misdemeanor","9/27/2017","9/27/2017","Stay of Imposition Pursuant to M.S. 609.135","Gross Misdemeanor"
"11CR15659","4/15/2015","Sex Crimes","Cass County","Skyler","Scott","Stickels","Bayport","MN","7/18/1994","6","Cass County Sheriff's Office","609.3451.1","Criminal Sex Cond-5th Degree-Nonconsensual Sexual Contact","Gross Misdemeanor","6/13/2016","9/19/2016","Sentenced","Gross Misdemeanor"
"13CR14531","7/11/2014","Other Gross Misdemeanor","Chisago County","Nicholas","Daniel","Potter","RUSH CITY","MN","5/11/1989","1","Lakes Area PD","609.3451.1","Criminal Sex Cond-5th Degree-Nonconsensual Sexual Contact","Gross Misdemeanor","6/10/2015","6/10/2015","Sentenced","Gross Misdemeanor"
"86CR114327","7/29/2011","Sex Crimes","Wright County","Willie","Ray","Bennett","ST CLOUD","MN","8/5/1984","2","Annandale Police Department","609.3451.1","Criminal Sex Cond-5th Degree-Nonconsensual Sexual Contact","Gross Misdemeanor","9/11/2015","9/11/2015","Sentenced","Gross Misdemeanor"
"73CR163991","4/28/2016","Other Gross Misdemeanor","Stearns County","Jose","Alfredo","Mendoza-Torres","Shakopee","MN","4/15/1986","1","Waite Park Police Department","609.3451.1","Criminal Sex Cond-5th Degree-Nonconsensual Sexual Contact","Gross Misdemeanor","1/12/2017","1/12/2017","Sentenced","Misdemeanor"
"70CR149836","6/4/2014","Other Gross Misdemeanor","Scott County","KENNETH","RAY","LEE","New Brighton","MN","2/8/1971","1","Prior Lake Police Department","609.3451.1","Criminal Sex Cond-5th Degree-Nonconsensual Sexual Contact","Gross Misdemeanor","6/26/2014","2/6/2015","Stay of Imposition Pursuant to M.S. 609.135","Misdemeanor"
"70CR149836","6/4/2014","Other Gross Misdemeanor","Scott County","KENNETH","RAY","LEE","New Brighton","MN","2/8/1971","1","Prior Lake Police Department","609.3451.1","Criminal Sex Cond-5th Degree-Nonconsensual Sexual Contact","Gross Misdemeanor","6/26/2014","2/6/2015","Stay of Imposition Pursuant to M.S. 609.135","Misdemeanor"
"19HACR142247","6/26/2014","Sex Crimes","Dakota County","JOAQUIN","NMN","NERI","ST PAUL","MN","2/3/1942","1","West St. Paul Police Department","609.3451.1","Criminal Sex Cond-5th Degree-Nonconsensual Sexual Contact","Gross Misdemeanor","9/22/2015","7/2/2018","Stay of Imposition Pursuant to M.S. 609.135","Gross Misdemeanor"
"27CR1433462","11/14/2014","Other Gross Misdemeanor","Hennepin County","ROBERT","LEE","COLEMAN","Plymouth","MN","7/28/1963","1","Hennepin County Sheriff's Office","609.3451.1","Criminal Sex Cond-5th Degree-Nonconsensual Sexual Contact","Gross Misdemeanor","4/17/2015","5/28/2015","Sentenced","Gross Misdemeanor"
"27CR1433462","11/14/2014","Other Gross Misdemeanor","Hennepin County","ROBERT","LEE","COLEMAN","Plymouth","MN","7/28/1963","1","Hennepin County Sheriff's Office","609.3451.1","Criminal Sex Cond-5th Degree-Nonconsensual Sexual Contact","Gross Misdemeanor","4/17/2015","5/28/2015","Sentenced","Gross Misdemeanor"
"19HACR122766","8/8/2012","Other Gross Misdemeanor","Dakota County","RICKEY","ALLEN","BILLINGS","LAKEVILLE","MN","3/22/1958","1","Lakeville Police Department","609.3451.1","Criminal Sex Cond-5th Degree-Nonconsensual Sexual Contact","Gross Misdemeanor","12/11/2012","2/22/2018","Sentenced","Gross Misdemeanor"
"08CR16524","5/23/2016","Other Gross Misdemeanor","Brown County","Ken","Leroy","Rakowski","New Ulm","MN","12/31/1965","1","New Ulm Police Department","609.3451.1","Criminal Sex Cond-5th Degree-Nonconsensual Sexual Contact","Gross Misdemeanor","5/1/2017","5/1/2017","Sentenced","Gross Misdemeanor"
"08CR16524","5/23/2016","Other Gross Misdemeanor","Brown County","Ken","Leroy","Rakowski","New Ulm","MN","12/31/1965","1","New Ulm Police Department","609.3451.1","Criminal Sex Cond-5th Degree-Nonconsensual Sexual Contact","Gross Misdemeanor","5/1/2017","5/1/2017","Sentenced","Gross Misdemeanor"
"08CR16524","5/23/2016","Other Gross Misdemeanor","Brown County","Ken","Leroy","Rakowski","New Ulm","MN","12/31/1965","1","New Ulm Police Department","609.3451.1","Criminal Sex Cond-5th Degree-Nonconsensual Sexual Contact","Gross Misdemeanor","5/1/2017","5/1/2017","Sentenced","Gross Misdemeanor"
"27CR1429030","10/3/2014","Sex Crimes","Hennepin County","MAHMOUD","HAMADEH","ABUMAYYALEH","BROOKLYN PARK","MN","7/29/1984","2","Minneapolis Police Department","609.3451.1","Criminal Sex Cond-5th Degree-Nonconsensual Sexual Contact","Gross Misdemeanor","11/8/2016","11/8/2016","Sentenced","Gross Misdemeanor"
"27CR1628729","11/4/2016","Sex Crimes","Hennepin County","JESUS","LORENZO","OYERVIDES","MINNEAPOLIS","MN","7/17/1966","1","Minneapolis Police Department","609.3451.1","Criminal Sex Cond-5th Degree-Nonconsensual Sexual Contact","Gross Misdemeanor","1/11/2018","1/24/2018","Sentenced","Gross Misdemeanor"
"27CR1411573","4/25/2014","Sex Crimes","Hennepin County","Christopher","James","Burgess","Hopkins","MN","8/3/1989","1","Hopkins Police Department","609.3451.1","Criminal Sex Cond-5th Degree-Nonconsensual Sexual Contact","Gross Misdemeanor","4/20/2015","4/11/2018","Sentenced","Gross Misdemeanor"
"19HACR141265","4/10/2014","Sex Crimes","Dakota County","ERIC","JAMES","RUTHERFORD","Inver Grove Heights","MN","1/26/1981","2","Burnsville Police Department","609.3451.1","Criminal Sex Cond-5th Degree-Nonconsensual Sexual Contact","Gross Misdemeanor","2/18/2015","6/1/2018","Sentenced","Gross Misdemeanor"
"19HACR112208","7/8/2011","Other Gross Misdemeanor","Dakota County","JAVONTE","LAPONE","REEVES","MINNEAPOLIS","MN","12/23/1990","1","Apple Valley Police Department","609.3451.1","Criminal Sex Cond-5th Degree-Nonconsensual Sexual Contact","Gross Misdemeanor","12/12/2012","2/27/2015","Sentenced","Gross Misdemeanor"
"19HACR112208","7/8/2011","Other Gross Misdemeanor","Dakota County","JAVONTE","LAPONE","REEVES","MINNEAPOLIS","MN","12/23/1990","1","Apple Valley Police Department","609.3451.1","Criminal Sex Cond-5th Degree-Nonconsensual Sexual Contact","Gross Misdemeanor","12/12/2012","2/27/2015","Sentenced","Gross Misdemeanor"
"19HACR112208","7/8/2011","Other Gross Misdemeanor","Dakota County","JAVONTE","LAPONE","REEVES","MINNEAPOLIS","MN","12/23/1990","1","Apple Valley Police Department","609.3451.1","Criminal Sex Cond-5th Degree-Nonconsensual Sexual Contact","Gross Misdemeanor","12/12/2012","2/27/2015","Sentenced","Gross Misdemeanor"
"19HACR112208","7/8/2011","Other Gross Misdemeanor","Dakota County","JAVONTE","LAPONE","REEVES","MINNEAPOLIS","MN","12/23/1990","1","Apple Valley Police Department","609.3451.1","Criminal Sex Cond-5th Degree-Nonconsensual Sexual Contact","Gross Misdemeanor","12/12/2012","2/27/2015","Sentenced","Gross Misdemeanor"
"19HACR15754","3/12/2015","Sex Crimes","Dakota County","Abdishakur","Isse","Musa","SAVAGE","MN","1/1/1990","1","Lakeville Police Department","609.3451.1","Criminal Sex Cond-5th Degree-Nonconsensual Sexual Contact","Gross Misdemeanor","9/23/2015","10/6/2015","Stay of Imposition Pursuant to M.S. 609.135","Misdemeanor"
"19HACR15754","3/12/2015","Sex Crimes","Dakota County","Abdishakur","Isse","Musa","SAVAGE","MN","1/1/1990","1","Lakeville Police Department","609.3451.1","Criminal Sex Cond-5th Degree-Nonconsensual Sexual Contact","Gross Misdemeanor","9/23/2015","10/6/2015","Stay of Imposition Pursuant to M.S. 609.135","Misdemeanor"
"50CR142288","9/23/2014","Sex Crimes","Mower County","WILLIAM","ALEXANDER","WITCHER","Austin","MN","3/1/1969","3","Mower County Sheriff's Office","609.3451.1","Criminal Sex Cond-5th Degree-Nonconsensual Sexual Contact","Gross Misdemeanor","2/25/2016","2/25/2016","Sentenced","Gross Misdemeanor"
"73CR094480","4/16/2009","Other Gross Misdemeanor","Stearns County","John","Michael","Osfalg","Avon","MN","8/26/1988","1","Stearns County Sheriff's Office","609.3451.1","Criminal Sex Cond-5th Degree-Nonconsensual Sexual Contact","Gross Misdemeanor","4/2/2010","3/4/2015","Stay of Imposition Pursuant to M.S. 609.135","Misdemeanor"
"73CR094480","4/16/2009","Other Gross Misdemeanor","Stearns County","John","Michael","Osfalg","Avon","MN","8/26/1988","1","Stearns County Sheriff's Office","609.3451.1","Criminal Sex Cond-5th Degree-Nonconsensual Sexual Contact","Gross Misdemeanor","4/2/2010","3/4/2015","Stay of Imposition Pursuant to M.S. 609.135","Misdemeanor"
"56CR16664","3/4/2016","Sex Crimes","Otter Tail County","Aaron","Christopher","Bremmer","DALTON","MN","6/15/1993","2","Fergus Falls Police Department","609.3451.1","Criminal Sex Cond-5th Degree-Nonconsensual Sexual Contact","Gross Misdemeanor","9/5/2017","9/5/2017","Sentenced","Gross Misdemeanor"
"23CR13878","12/18/2013","Sex Crimes","Fillmore County","Tyler","Len Rahrmann","Chase","Spring Valley","MN","12/7/1991","2","Fillmore County Sheriff's Office","609.3451.1","Criminal Sex Cond-5th Degree-Nonconsensual Sexual Contact","Gross Misdemeanor","7/15/2014","12/22/2015","Stay of Imposition Pursuant to M.S. 609.135","Gross Misdemeanor"
"82CR17599","2/10/2017","Sex Crimes","Washington County","Dan","Kevin","Zambrano","Woodbury","MN","9/2/1998","1","Woodbury Police Department","609.3451.1","Criminal Sex Cond-5th Degree-Nonconsensual Sexual Contact","Gross Misdemeanor","2/21/2018","2/21/2018","Sentenced","Gross Misdemeanor"
"73CR168323","9/12/2016","Other Gross Misdemeanor","Stearns County","Michael","Stanley","Downer","ST CLOUD","MN","4/21/1987","1","St. Cloud Police Department","609.3451.1","Criminal Sex Cond-5th Degree-Nonconsensual Sexual Contact","Misdemeanor","5/16/2017","5/16/2017","Sentenced","Misdemeanor"
"56CR153020","10/13/2015","Sex Crimes","Otter Tail County","Luis","Enrique","Avalos","PELICAN RAPIDS","MN","7/20/1991","1","Pelican Rapids Police Department","609.3451.1","Criminal Sex Cond-5th Degree-Nonconsensual Sexual Contact","Gross Misdemeanor","3/20/2017","4/30/2018","Sentenced","Gross Misdemeanor"
"56CR153020","10/13/2015","Sex Crimes","Otter Tail County","Luis","Enrique","Avalos","PELICAN RAPIDS","MN","7/20/1991","1","Pelican Rapids Police Department","609.3451.1","Criminal Sex Cond-5th Degree-Nonconsensual Sexual Contact","Gross Misdemeanor","3/20/2017","4/30/2018","Sentenced","Gross Misdemeanor"
"27CR1122271","7/22/2011","Sex Crimes","Hennepin County","MOHAMED","BASHI","DAHIR","Minneapolis","MN","10/20/1989","1","Eden Prairie Police Department","609.3451.1","Criminal Sex Cond-5th Degree-Nonconsensual Sexual Contact","Gross Misdemeanor","5/9/2014","8/9/2017","Sentenced","Gross Misdemeanor"
"27CR1122271","7/22/2011","Sex Crimes","Hennepin County","MOHAMED","BASHI","DAHIR","Minneapolis","MN","10/20/1989","1","Eden Prairie Police Department","609.3451.1","Criminal Sex Cond-5th Degree-Nonconsensual Sexual Contact","Gross Misdemeanor","5/9/2014","8/9/2017","Sentenced","Gross Misdemeanor"
"27CR1122271","7/22/2011","Sex Crimes","Hennepin County","MOHAMED","BASHI","DAHIR","Minneapolis","MN","10/20/1989","1","Eden Prairie Police Department","609.3451.1","Criminal Sex Cond-5th Degree-Nonconsensual Sexual Contact","Gross Misdemeanor","5/9/2014","8/9/2017","Sentenced","Gross Misdemeanor"
"50CR11874","4/8/2011","Sex Crimes","Mower County","RICHARD","DALE","BURCH","Pipestone","MN","2/15/1957","4","Austin Police Department","609.3451.1","Criminal Sex Cond-5th Degree-Nonconsensual Sexual Contact","Gross Misdemeanor","2/21/2013","3/17/2016","Sentenced","Gross Misdemeanor"
"50CR11874","4/8/2011","Sex Crimes","Mower County","RICHARD","DALE","BURCH","Pipestone","MN","2/15/1957","4","Austin Police Department","609.3451.1","Criminal Sex Cond-5th Degree-Nonconsensual Sexual Contact","Gross Misdemeanor","2/21/2013","3/17/2016","Sentenced","Gross Misdemeanor"
"49CR15566","4/20/2015","Other Gross Misdemeanor","Morrison County","Zachary","James","Kretsch","Little Falls","MN","2/27/1997","1","Little Falls Police Department","609.3451.1","Criminal Sex Cond-5th Degree-Nonconsensual Sexual Contact","Gross Misdemeanor","10/27/2015","10/27/2015","Sentenced","Gross Misdemeanor"
"73CR163990","4/28/2016","Other Gross Misdemeanor","Stearns County","Abdi","Mahad","Mohamed","ST CLOUD","MN","1/1/1997","1","Waite Park Police Department","609.3451.1","Aiding and Abetting Criminal Sex Cond-5th Degree-Nonconsensual Sexual Contact","Gross Misdemeanor","10/6/2016","2/16/2017","Stay of Imposition Pursuant to M.S. 609.135","Misdemeanor"
"02CR15986","2/11/2015","Other Gross Misdemeanor","Anoka County","CHRISTIAN","JOHN","FARRIER","ST FRANCIS","MN","10/25/1993","1","Anoka County Sheriff's Office","609.3451.1","Criminal Sex Cond-5th Degree-Nonconsensual Sexual Contact","Gross Misdemeanor","8/10/2015","8/10/2015","Sentenced","Gross Misdemeanor"
"73CR168582","9/20/2016","Other Gross Misdemeanor","Stearns County","Mitchell","Ryan","Johannes","St Cloud","MN","10/29/1989","1","Waite Park Police Department","609.3451.1","Criminal Sex Cond-5th Degree-Nonconsensual Sexual Contact","Gross Misdemeanor","5/3/2017","5/3/2017","Sentenced","Gross Misdemeanor"
"65CR14208","7/18/2014","Other Gross Misdemeanor","Renville County","Andrew","Raymond","Best","Hutchinson","MN","7/20/1995","1","Hector Police Department","609.3451.1","Criminal Sex Cond-5th Degree-Nonconsensual Sexual Contact","Gross Misdemeanor","8/16/2016","6/8/2017","Sentenced","Gross Misdemeanor"
"29CR14211","2/19/2014","Other Gross Misdemeanor","Hubbard County","William","Ray","Akers","Park Rapids","MN","6/1/1948","1","Hubbard County Sheriff's Office","609.3451.1","Criminal Sex Cond-5th Degree-Nonconsensual Sexual Contact","Gross Misdemeanor","8/11/2014","9/26/2017","Sentenced","Gross Misdemeanor"
"27CR1333436","10/9/2013","Sex Crimes","Hennepin County","Robert","James","Ladwig","COON RAPIDS","MN","8/3/1984","1","Eden Prairie Police Department","609.3451.1","Criminal Sex Cond-5th Degree-Nonconsensual Sexual Contact","Gross Misdemeanor","1/5/2015","3/14/2016","Sentenced","Gross Misdemeanor"
"02CR161059","2/17/2016","Sex Crimes","Anoka County","Marcus","","Seabrook","Minneapolis","MN","4/22/1994","1","Anoka County Sheriff's Office","609.3451.1","Criminal Sex Cond-5th Degree-Nonconsensual Sexual Contact","Gross Misdemeanor","2/16/2017","2/16/2017","Sentenced","Gross Misdemeanor"
"27CR17876","1/11/2017","Sex Crimes","Hennepin County","Benjamin","Edward","Sloan","PRIOR LAKE","MN","7/14/1995","2","Minneapolis Police Department","609.3451.1","Criminal Sex Cond-5th Degree-Nonconsensual Sexual Contact","Gross Misdemeanor","1/9/2018","1/9/2018","Sentenced","Gross Misdemeanor"
"27CR17876","1/11/2017","Sex Crimes","Hennepin County","Benjamin","Edward","Sloan","PRIOR LAKE","MN","7/14/1995","2","Minneapolis Police Department","609.3451.1","Criminal Sex Cond-5th Degree-Nonconsensual Sexual Contact","Gross Misdemeanor","1/9/2018","1/9/2018","Sentenced","Gross Misdemeanor"
"02CR143466","5/29/2014","Other Gross Misdemeanor","Anoka County","Micheal","Joseph","Book","Minneapolis","MN","5/7/1958","1","Anoka County Sheriff's Office","609.3451.1","Criminal Sex Cond-5th Degree-Nonconsensual Sexual Contact","Gross Misdemeanor","6/8/2015","2/23/2018","Sentenced","Gross Misdemeanor"
"82CR164749","11/16/2016","Sex Crimes","Washington County","Richard","Edward","Newman","Somerset","WI","2/17/1960","1","Bayport Police Department","609.3451.1","Criminal Sex Cond-5th Degree-Nonconsensual Sexual Contact","Gross Misdemeanor","2/7/2018","2/7/2018","Sentenced","Gross Misdemeanor"
"02CR136395","9/17/2013","Sex Crimes","Anoka County","Robert","Alan","Young","Apple Valley","MN","2/18/1992","1","Columbia Heights Police Department","609.3451.1","Criminal Sex Cond-5th Degree-Nonconsensual Sexual Contact","Gross Misdemeanor","2/18/2015","2/18/2015","Sentenced","Gross Misdemeanor"
"18CR153740","9/15/2015","Sex Crimes","Crow Wing County","Jason","Jamaal","Allen","Brainerd","MN","1/26/1988","7","Brainerd Police Department","609.3451.1","Criminal Sex Cond-5th Degree-Nonconsensual Sexual Contact","Gross Misdemeanor","9/29/2017","9/29/2017","Sentenced","Gross Misdemeanor"
"27CR1213834","5/3/2012","Sex Crimes","Hennepin County","DEREK","JAMAL","MCDONALD","Brooklyn Park","MN","6/7/1993","1","St. Louis Park Police Department","609.3451.1","Criminal Sex Cond-5th Degree-Nonconsensual Sexual Contact","Gross Misdemeanor","10/15/2012","5/3/2017","Sentenced","Misdemeanor"
"83CR1868","2/8/2018","Other Gross Misdemeanor","Watonwan County","Denisse","","Ramirez","St. James","MN","7/1/1992","1","St. James Police Department","609.3451.1","Criminal Sex Cond-5th Degree-Nonconsensual Sexual Contact","Gross Misdemeanor","5/7/2018","5/7/2018","Sentenced","Gross Misdemeanor"
"27CR159258","4/9/2015","Sex Crimes","Hennepin County","Abe","Ben Vinu","Chelladurai","St. Peter","MN","2/29/1972","1","Maple Grove Police Department","609.3451.1","Criminal Sex Cond-5th Degree-Nonconsensual Sexual Contact","Gross Misdemeanor","10/1/2015","10/1/2015","Sentenced","Gross Misdemeanor"
"02CR15988","2/11/2015","Other Gross Misdemeanor","Anoka County","KORY","DERRICK","EIK","ISANTI","MN","9/23/1993","1","Anoka County Sheriff's Office","609.3451.1","Criminal Sex Cond-5th Degree-Nonconsensual Sexual Contact","Gross Misdemeanor","11/19/2015","11/19/2015","Sentenced","Gross Misdemeanor"
"73CR153264","4/15/2015","Other Gross Misdemeanor","Stearns County","Michael","Edward","Lawson","Waite Park","MN","3/5/1979","1","Waite Park Police Department","609.3451.1","Criminal Sex Cond-5th Degree-Nonconsensual Sexual Contact","Gross Misdemeanor","2/25/2016","1/12/2018","Sentenced","Gross Misdemeanor"
"11CR132349","12/23/2013","Sex Crimes","Cass County","Stanley","Wilson","Spottedcalf","Cass Lake","MN","8/18/1994","6","Leech Lake Tribal Police Department","609.3451.1","Criminal Sex Cond-5th Degree-Nonconsensual Sexual Contact","Gross Misdemeanor","4/13/2015","6/15/2015","Sentenced","Gross Misdemeanor"
"14CR16107","1/12/2016","Other Gross Misdemeanor","Clay County","Arden","Paul","Pearson","Glyndon","MN","4/10/1957","1","Dilworth Police Department","609.3451.1","Criminal Sex Cond-5th Degree-Nonconsensual Sexual Contact","Gross Misdemeanor","6/20/2016","12/15/2016","Sentenced","Gross Misdemeanor"
"82CR153370","8/14/2015","Other Gross Misdemeanor","Washington County","Leah","Marie","Lukach","Stillwater","MN","6/21/1971","1","Bayport Police Department","609.3451.1","Criminal Sex Cond-5th Degree-Nonconsensual Sexual Contact","Gross Misdemeanor","5/26/2016","5/26/2016","Stay of Imposition Pursuant to M.S. 609.135","Gross Misdemeanor"
"22CR17733","11/20/2017","Person","Faribault County","Dalton","Lee","Nagel","Blue Earth","MN","7/22/1999","2","Winnebago Police Department","609.3451.1","Criminal Sex Cond-5th Degree-Nonconsensual Sexual Contact","Gross Misdemeanor","8/20/2018","8/20/2018","Sentenced","Misdemeanor"
"18CR173924","9/15/2017","Felony Domestic Assault","Crow Wing County","Michael","Allen","Thrugstad","Brainerd","MN","2/12/1989","2","Brainerd Police Department","609.3451.1","Criminal Sex Cond-5th Degree-Nonconsensual Sexual Contact","Gross Misdemeanor","1/3/2018","9/25/2018","Sentenced","Misdemeanor"
"18CR173924","9/15/2017","Felony Domestic Assault","Crow Wing County","Michael","Allen","Thrugstad","Brainerd","MN","2/12/1989","2","Brainerd Police Department","609.3451.1","Criminal Sex Cond-5th Degree-Nonconsensual Sexual Contact","Gross Misdemeanor","1/3/2018","9/25/2018","Sentenced","Misdemeanor"
"30CR16175","3/25/2016","Sex Crimes","Isanti County","Scott","Robert","Coffman","Edina","MN","8/9/1968","1","Cambridge Police Department","609.3451.1","Criminal Sex Cond-5th Degree-Nonconsensual Sexual Contact","Gross Misdemeanor","1/25/2018","1/25/2018","Sentenced","Gross Misdemeanor"
"14CR173458","9/26/2017","Other Gross Misdemeanor","Clay County","Jeremy","Lynn","Henderson","MOORHEAD","MN","11/5/1998","1","Moorhead Police Department","609.3451.1","Criminal Sex Cond-5th Degree-Nonconsensual Sexual Contact","Gross Misdemeanor","4/9/2018","4/9/2018","Sentenced","Gross Misdemeanor"
"45CR1680","3/10/2016","Other Gross Misdemeanor","Marshall County","Connor","Scotland","Swope","WARREN","MN","9/21/1997","1","Marshall County Sheriff's Office","609.3451.1","Criminal Sex Cond-5th Degree-Nonconsensual Sexual Contact","Gross Misdemeanor","8/30/2016","8/30/2016","Sentenced","Gross Misdemeanor"
"87CR16237","6/2/2016","Other Felony","Yellow Medicine County","Jeffrey","Thomas","Mertens","Echo","MN","11/13/1963","2","Yellow Medicine County Sheriff's Office","609.3451.1","Criminal Sex Cond-5th Degree-Nonconsensual Sexual Contact","Gross Misdemeanor","12/13/2016","12/13/2016","Stay of Imposition Pursuant to M.S. 609.135","Gross Misdemeanor"
"07CR162573","6/24/2016","Sex Crimes","Blue Earth County","Jaime","Ramos","Chavez","Madelia","MN","11/25/1987","4","Blue Earth County Sheriff's Office","609.3451.1","Criminal Sex Cond-5th Degree-Nonconsensual Sexual Contact","Gross Misdemeanor","11/14/2016","11/14/2016","Sentenced","Gross Misdemeanor"
"33CR16295","8/29/2016","Sex Crimes","Kanabec County","Jayson","James","Hurst","St Paul","MN","3/10/1994","1","Kanabec County Sheriff's Office","609.3451.1","Criminal Sex Cond-5th Degree-Nonconsensual Sexual Contact","Gross Misdemeanor","11/2/2017","11/2/2017","Sentenced","Gross Misdemeanor"
"73CR167361","8/11/2016","Other Gross Misdemeanor","Stearns County","Patrick","Allen","Proell","Sauk Centre","MN","9/8/1948","1","Sauk Centre Police Department","609.3451.1","Criminal Sex Cond-5th Degree-Nonconsensual Sexual Contact","Gross Misdemeanor","4/10/2017","4/10/2017","Sentenced","Gross Misdemeanor"
"27CR17113","1/3/2017","Other Gross Misdemeanor","Hennepin County","TANNER","LIVINGSTON","DANIELS","EDEN PRAIRIE","MN","10/30/1995","1","Eden Prairie Police Department","609.3451.1","Criminal Sex Cond-5th Degree-Nonconsensual Sexual Contact","Gross Misdemeanor","2/9/2018","2/9/2018","Sentenced","Gross Misdemeanor"
"55CR167765","11/7/2016","Sex Crimes","Olmsted County","Oddie","Elijah","Oker","Rochester","MN","9/21/1994","4","Rochester Police Department","609.3451.1","Criminal Sex Cond-5th Degree-Nonconsensual Sexual Contact","Gross Misdemeanor","11/3/2017","2/7/2018","Sentenced","Gross Misdemeanor"
"14CR171493","5/1/2017","Other Gross Misdemeanor","Clay County","Darl","James","VanBuren","Dilworth","MN","2/1/1961","1","Moorhead Police Department","609.3451.1","Criminal Sex Cond-5th Degree-Nonconsensual Sexual Contact","Gross Misdemeanor","11/20/2017","3/19/2018","Sentenced","Gross Misdemeanor"
"14CR172680","7/31/2017","Other Gross Misdemeanor","Clay County","Israel","","Alfaro","Fargo","ND","1/1/1998","1","Moorhead Police Department","609.3451.1","Criminal Sex Cond-5th Degree-Nonconsensual Sexual Contact","Gross Misdemeanor","2/14/2018","2/14/2018","Sentenced","Gross Misdemeanor"
"62CR178229","11/6/2017","Other Gross Misdemeanor","Ramsey County","Thomas","James","Griggs","St. Paul","MN","9/21/1969","1","Roseville Police Department","609.3451.1","Attempted - Criminal Sex Cond-5th Degree-Nonconsensual Sexual Contact","Gross Misdemeanor","2/23/2018","6/19/2018","Sentenced","Gross Misdemeanor"
"34CR171094","11/14/2017","Sex Crimes","Kandiyohi County","Jaime","","Turrubiates","Willmar","MN","7/20/1980","1","Willmar Police Department","609.3451.1","Criminal Sex Cond-5th Degree-Nonconsensual Sexual Contact","Gross Misdemeanor","4/20/2018","4/20/2018","Sentenced","Gross Misdemeanor"
"45CR1829","1/29/2018","Other Gross Misdemeanor","Marshall County","Christopher","James","Kucera","Wahpeton","ND","1/22/1996","1","Marshall County Sheriff's Office","609.3451.1","Criminal Sex Cond-5th Degree-Nonconsensual Sexual Contact","Gross Misdemeanor","4/17/2018","4/17/2018","Sentenced","Gross Misdemeanor"
